text_input,output
"ุณูุงู! CCoin ฺุณุชุ","๐ค **ุณูุงู ุฏูุณุช ุนุฒุฒ!** 

CCoin ฺฉ ุฑุจุงุช ูพุดุฑูุชู ู ุณุฑฺฏุฑูโฺฉููุฏู ุงูุชุตุงุฏ-ฺฏููฺฏ ุจุฑุง ุฏุณฺฉูุฑุฏ ุงุณุช ฺฉู ุจุง ุฏุณุชูุฑุงุช ุงุณูุด (/) ฺฉุงุฑ ูโฺฉูุฏ. ุจุง ุงู ุฑุจุงุช ูโุชูุงูุฏ ุณฺฉู ุฌูุนโุขูุฑ ฺฉูุฏุ ุฏุฑ ููโฺฏูโูุง ูุฌุงูโุงูฺฏุฒ ุดุฑฺฉุช ฺฉูุฏุ ุจุง ุฏูุณุชุงูุชุงู ุชุนุงูู ุฏุงุดุชู ุจุงุดุฏุ ุขุชูโูุง ูุฎุชูู ุจุฎุฑุฏ ู ุฏุฑ ุฑูุงุจุชโูุง ุณุฑูุฑ ุดุฑฺฉุช ฺฉูุฏ! โจ๐ฐ๐ฎ

ุจุฑุง ุดุฑูุน ฺฉุงูุณุช ุงุฒ ุฏุณุชูุฑ </help:0> ุงุณุชูุงุฏู ฺฉูุฏ ุชุง ุจุง ุงูฺฉุงูุงุช ุฑุจุงุช ุขุดูุง ุดูุฏ."

"ุฏุณุชูุฑุงุช ุงุตู ุฑุจุงุช CCoin ฺฉุฏุงูโูุง ูุณุชูุฏุ","๐๏ธ **ุฏุณุชูุฑุงุช ุงุตู CCoin:**

๐น </menu:0> - ุจุงุฒ ฺฉุฑุฏู ููู ุงุตู ุฑุจุงุช (ุฏุณุชุฑุณ ุจู ููู ุจุฎุดโูุง)
๐น </admin:0> - ุจุงุฒ ฺฉุฑุฏู ูพูู ูุฏุฑุช ุงุฏูู
๐น </askai:0> - ฺฏูุชฺฏู ุจุง ููุด ูุตููุน ูพุดุฑูุชู CCoin
๐น </balance:0> - ุจุฑุฑุณ ููุฌูุฏ ุญุณุงุจ ุดูุง
๐น </daily:0> - ุฏุฑุงูุช ูพุงุฏุงุด ุฑูุฒุงูู
๐น </help:0> - ููุงุด ุฑุงูููุง ุฌุงูุน ุฑุจุงุช
๐น </ping:0> - ููุงุด ูุถุนุช ุณุณุชู ู ุงุชุตุงูุงุช ุฑุจุงุช

ููฺูู ุฏุณุชูุฑุงุช ูุชููุน ุฏฺฏุฑ ุจุฑุง ุจุงุฒโูุงุ ุชุนุงููุงุช ุงุฌุชูุงุน ู ูุฏุฑุช ุญุณุงุจ ูุฌูุฏ ุฏุงุฑุฏ ฺฉู ูโุชูุงูุฏ ุจุง ุฒุฏู / ุฏุฑ ฺุช ุฏุณฺฉูุฑุฏ ู ุฌุณุชุฌู ุขููุง ุฑุง ุจุจูุฏ. โจ"

"ุฏุณุชูุฑ </menu:0> ฺู ฺฉุงุฑ ุงูุฌุงู ูโุฏูุฏุ","๐ฎ **ููู ุงุตู CCoin**

ุฏุณุชูุฑ </menu:0> ููุจ ุฑุจุงุช CCoin ุงุณุช! ุจุง ุงุฌุฑุง ุงู ุฏุณุชูุฑุ ฺฉ ูพูู ฺฉุงูู ู ุฒุจุง ุจุง ุฏฺฉููโูุง ูุชููุน ุจุฑุง ุดูุง ุจุงุฒ ูโุดูุฏ ฺฉู ุฏุณุชุฑุณ ุจู ููู ุจุฎุดโูุง ุงุตู ุฑุจุงุช ุฑุง ูุฑุงูู ูโฺฉูุฏ:

๐ฎ ุจุงุฒโูุง ู ููโฺฏูโูุง
๐ฐ ุณุณุชู ุงูุชุตุงุฏ ู ุจุงูฺฉ
๐ ูุฑูุดฺฏุงู ู ุฎุฑุฏ ุขุชูโูุง
๐ ูพุฑููุงู ู ูุถุนุช ุญุณุงุจ
๐ฅ ุณุณุชู ุฏูุณุช ู ุชุนุงููุงุช ุงุฌุชูุงุน
๐ ุฑุชุจูโุจูุฏโูุง ู ฺุงูุดโูุง

ุงู ููู ุจุง ุฑุงุจุท ฺฉุงุฑุจุฑ ฺฏุฑุงูฺฉ ู ุฏฺฉููโูุง ุชุนุงูู ุทุฑุงุญ ุดุฏู ุชุง ุงุณุชูุงุฏู ุงุฒ ุฑุจุงุช ุจุฑุง ุดูุง ูุฐุชโุจุฎุด ู ุขุณุงู ุจุงุดุฏ. ๐"

"ฺฺฏููู ุงุฒ ููุด ูุตููุน CCoin ุงุณุชูุงุฏู ฺฉููุ","๐ง **ุงุณุชูุงุฏู ุงุฒ ููุด ูุตููุน CCoin**

ุจุฑุง ุตุญุจุช ุจุง ููุด ูุตููุน ูพุดุฑูุชู CCoin ฺฉุงูุณุช ุงุฒ ุฏุณุชูุฑ </askai:0> ุงุณุชูุงุฏู ฺฉูุฏ. ุงู ุฏุณุชูุฑ ุจู ุดูุง ุงุฌุงุฒู ูโุฏูุฏ ูุฑ ุณุคุงู ุฑุง ุงุฒ ููุด ูุตููุน ุจูพุฑุณุฏ.

๐น ูุญูู ุงุณุชูุงุฏู: </askai:0> [ุณุคุงู ุดูุง]
๐น ูุซุงู: </askai:0> ุจูุชุฑู ุงุณุชุฑุงุชฺ ุจุฑุง ุฌูุน ุขูุฑ ุณฺฉู ฺุณุชุ

CCoinAI ูโุชูุงูุฏ ุจู ุณุคุงูุงุช ูุฑุชุจุท ุจุง ุฑุจุงุชุ ุชูุตูโูุง ุจุงุฒุ ุงุทูุงุนุงุช ุนููู ู ุญุช ุดูุฎโูุง ุจุงูุฒู ูพุงุณุฎ ุฏูุฏ! ููฺูู ูโุชูุงูุฏ ุฏุฑ ุงุฏฺฏุฑ ูุงุจูุชโูุง ูุฎุชูู ุฑุจุงุช ุจู ุดูุง ฺฉูฺฉ ฺฉูุฏ. โจ๐ค"

"ฺฺฏููู ููุฌูุฏ ุญุณุงุจ ุฎูุฏ ุฑุง ุจุจููุ","๐ฐ **ูุดุงูุฏู ููุฌูุฏ ุญุณุงุจ**

ุจุฑุง ุฏุฏู ููุฌูุฏ ุณฺฉูโูุง ู ูุถุนุช ูุงู ุฎูุฏุ ฺฉุงูุณุช ุงุฒ ุฏุณุชูุฑ </balance:0> ุงุณุชูุงุฏู ฺฉูุฏ. ุจุง ุงุฌุฑุง ุงู ุฏุณุชูุฑุ ุงุทูุงุนุงุช ฺฉุงูู ุฏุฑุจุงุฑู ุฏุงุฑุงโูุง ุดูุง ููุงุด ุฏุงุฏู ูโุดูุฏ:

๐ช ุชุนุฏุงุฏ ุณฺฉูโูุง ููุฌูุฏ ุฏุฑ ฺฉู ูพูู
๐ฆ ููุฏุงุฑ ุณฺฉูโูุง ุฐุฎุฑู ุดุฏู ุฏุฑ ุจุงูฺฉ
๐ ุชุนุฏุงุฏ ฺฉุฑุณุชุงูโูุง ุดูุง
๐ ุณุทุญ ุงูุชุตุงุฏ ูุนู
๐ ูุฒุงู ูพุดุฑูุช ุจุฑุง ุฑุณุฏู ุจู ุณุทุญ ุจุนุฏ

ููฺูู ูโุชูุงูุฏ ุชุงุฑุฎฺู ูุนุงููุงุช ุงุฎุฑ ุฎูุฏ ุฑุง ูุดุงูุฏู ฺฉูุฏ ุชุง ูุชูุฌู ุดูุฏ ุณฺฉูโูุง ุฎูุฏ ุฑุง ุงุฒ ฺฉุฌุง ุจู ุฏุณุช ุขูุฑุฏูโุงุฏ ู ฺฉุฌุง ุฎุฑุฌ ฺฉุฑุฏูโุงุฏ. ๐ธ"

"ุฌุงุฒู ุฑูุฒุงูู ฺุณุช ู ฺฺฏููู ุขู ุฑุง ุฏุฑุงูุช ฺฉููุ","๐ **ุณุณุชู ุฌูุงุฒ ุฑูุฒุงูู CCoin**

ุจุง ุงุณุชูุงุฏู ุงุฒ ุฏุณุชูุฑ </daily:0> ูโุชูุงูุฏ ูุฑ 24 ุณุงุนุช ฺฉโุจุงุฑ ูพุงุฏุงุด ุฑูุฒุงูู ุฎูุฏ ุฑุง ุฏุฑุงูุช ฺฉูุฏ. ุงู ฺฉ ุงุฒ ูููโุชุฑู ููุงุจุน ุฏุฑุขูุฏ ูุณุชูุฑ ุดูุงุณุช!

โจ **ูุฒุงุง ุฏุฑุงูุช ููุธู ูพุงุฏุงุด ุฑูุฒุงูู:**
โข ุฏุฑุงูุช ุณฺฉู ุฑุงฺฏุงู (ููุฏุงุฑ ุขู ุจุง ุณุทุญ ุดูุง ุงูุฒุงุด ูโุงุจุฏ)
โข ุงูุฒุงุด ุงุณุชุฑฺฉ (ุฑูุฒูุง ูุชูุงู) ฺฉู ุฌูุงุฒ ุจุดุชุฑ ุจู ููุฑุงู ุฏุงุฑุฏ
โข ุดุงูุณ ุฏุฑุงูุช ุขุชูโูุง ูฺู ุฏุฑ ุฑูุฒูุง ุฎุงุต
โข ฺฏุงู ฺฉุฑุณุชุงู ุฑุงฺฏุงู ุฏุฑ ููุงุณุจุชโูุง ูฺู
โข ุชุฌุฑุจู (XP) ุจุฑุง ุงูุฒุงุด ุณุทุญ ุดูุง

๐ฅ **ูฺฉุชู ููู:** ุณุน ฺฉูุฏ ุงุณุชุฑฺฉ ุฎูุฏ ุฑุง ุงุฒ ุฏุณุช ูุฏูุฏ! ูุฑ 7 ุฑูุฒ ูุชูุงูุ ูพุงุฏุงุด ูฺูโุง ุฏุฑุงูุช ุฎูุงูุฏ ฺฉุฑุฏ. ๐โจ"

"ฺฺฏููู ุงุฒ ุฏุณุชูุฑ </ping:0> ุงุณุชูุงุฏู ฺฉูู ู ฺู ฺฉุงุฑุจุฑุฏ ุฏุงุฑุฏุ","๐ถ **ุฏุณุชูุฑ Ping - ุจุฑุฑุณ ูุถุนุช ุฑุจุงุช**

ุฏุณุชูุฑ </ping:0> ุจู ุดูุง ฺฉูฺฉ ูโฺฉูุฏ ุชุง ุงุฒ ูุถุนุช ุฑุจุงุช ู ฺฉูุช ุงุชุตุงู ุขู ูุทูุน ุดูุฏ. ุจุง ุงุฌุฑุง ุงู ุฏุณุชูุฑ:

โฑ๏ธ ุฒูุงู ุชุฃุฎุฑ (ูพูฺฏ) ุฑุจุงุช ููุงุด ุฏุงุฏู ูโุดูุฏ
๐ ูุถุนุช ุงุชุตุงู ุจู ุณุฑูุฑูุง ุฏุณฺฉูุฑุฏ ุจุฑุฑุณ ูโุดูุฏ
๐ง ุณูุงูุช ุณุณุชู ููุด ูุตููุน CCoin ุชุฃุฏ ูโุดูุฏ
๐ ูุถุนุช ุงุชุตุงู ุจู ูพุงฺฏุงู ุฏุงุฏู ฺฏุฒุงุฑุด ูโุดูุฏ

ุงู ุฏุณุชูุฑ ุจุณุงุฑ ููุฏ ุงุณุชุ ุฎุตูุตุงู ุฒูุงู ฺฉู ูฺฉุฑ ูโฺฉูุฏ ุฑุจุงุช ฺฉููุฏ ูพุงุณุฎ ูโุฏูุฏ ุง ูุดฺฉู ุฏุฑ ุนููฺฉุฑุฏ ุขู ูุฌูุฏ ุฏุงุฑุฏ. ุจุง ุฏุฑุงูุช ุงู ุงุทูุงุนุงุช ูโุชูุงูุฏ ูุชูุฌู ุดูุฏ ุขุง ูุดฺฉู ุงุฒ ุฑุจุงุช ุงุณุช ุง ุงุฒ ุงุชุตุงู ุงูุชุฑูุช ุดูุง! ๐กโจ"

"ฺฺฏููู ูโุชูุงูู ฺฉุงูุงู ูุฏุจฺฉ ุฑุง ุชูุธู ฺฉููุ","๐ฃ **ุชูุธู ฺฉุงูุงู ูุฏุจฺฉ ุจุง </setfeedbackchannel:0>**

ุงฺฏุฑ ุงุฏูู ุง ูุฏุฑ ุณุฑูุฑ ูุณุชุฏุ ูโุชูุงูุฏ ฺฉ ฺฉุงูุงู ูุฎุตูุต ุจุฑุง ุฏุฑุงูุช ุจุงุฒุฎูุฑุฏูุง ฺฉุงุฑุจุฑุงู ุชูุธู ฺฉูุฏ:

1๏ธโฃ ุงุจุชุฏุง ฺฉ ฺฉุงูุงู ุฌุฏุฏ ุฏุฑ ุณุฑูุฑ ุฎูุฏ ุจุณุงุฒุฏ (ูุซูุงู #feedback)
2๏ธโฃ ุฏุณุชูุฑ </setfeedbackchannel:0> ุฑุง ุงุฌุฑุง ฺฉูุฏ
3๏ธโฃ ฺฉุงูุงู ููุฑุฏ ูุธุฑ ุฑุง ุงูุชุฎุงุจ ฺฉูุฏ
4๏ธโฃ ุชุฃุฏ ฺฉูุฏ

ูพุณ ุงุฒ ุงู ุชูุธูุ ููู ุจุงุฒุฎูุฑุฏูุง ฺฉุงุฑุจุฑุงู ฺฉู ุจุง ุฏุณุชูุฑ </feedback:0> ุงุฑุณุงู ูโุดูุฏุ ุจู ุทูุฑ ุฎูุฏฺฉุงุฑ ุฏุฑ ุงู ฺฉุงูุงู ููุงุด ุฏุงุฏู ุฎูุงูุฏ ุดุฏ.

๐น **ูุฒุงุง:**
โข ูุฏุฑุช ูุชูุฑฺฉุฒ ูพุดููุงุฏุงุช ู ุงูุชูุงุฏุงุช
โข ุขุฑุดู ููุงุณุจ ุจุฑุง ุจุฑุฑุณ ุงุฏูโูุง ฺฉุงุฑุจุฑุงู
โข ุงูฺฉุงู ูพุงุณุฎฺฏู ุณุฑุน ุจู ูุดฺฉูุงุช ฺฏุฒุงุฑุด ุดุฏู
โข ุชุนุงูู ุจูุชุฑ ุจุง ุฌุงูุนู ฺฉุงุฑุจุฑุงู ุณุฑูุฑ ุดูุง ๐โจ"

"ุฏุณุชูุฑ </tipchannel:0> ฺู ฺฉุงุฑ ุงูุฌุงู ูโุฏูุฏุ","๐ก **ูุฏุฑุช ฺฉุงูุงู ูฺฉุงุช ุจุง </tipchannel:0>**

ุงู ุฏุณุชูุฑ ุจู ุงุฏููโูุง ุณุฑูุฑ ุงุฌุงุฒู ูโุฏูุฏ ฺฉ ฺฉุงูุงู ูุฎุตูุต ุจุฑุง ุงุฑุณุงู ูฺฉุงุช ู ุงุทูุงุนุงุช ููุฏ CCoin ุชุนู ฺฉููุฏ:

1๏ธโฃ ฺฉ ฺฉุงูุงู ูุชู ููุงุณุจ ุฏุฑ ุณุฑูุฑ ุฎูุฏ ุงุฌุงุฏ ฺฉูุฏ (ูุซูุงู #ccoin-tips)
2๏ธโฃ ุฏุณุชูุฑ </tipchannel:0> ุฑุง ุงุฌุฑุง ฺฉูุฏ
3๏ธโฃ ฺฉุงูุงู ููุฑุฏ ูุธุฑ ุฑุง ุงูุชุฎุงุจ ฺฉูุฏ
4๏ธโฃ ูุงุตูู ุฒูุงู ุงุฑุณุงู ูฺฉุงุช ุฑุง ุชูุธู ฺฉูุฏ (ูุฑ 30 ุฏูููุ ูุฑ ุณุงุนุช ู...)

ูพุณ ุงุฒ ุงู ุชูุธูุ ุฑุจุงุช ุจู ุทูุฑ ุฎูุฏฺฉุงุฑ ู ุฏุฑ ุจุงุฒูโูุง ุฒูุงู ูุดุฎุตุ ูฺฉุงุช ููุฏ ู ุขููุฒุด ุฏุฑุจุงุฑู ูุงุจูุชโูุง ูุฎุชูู ุฑุจุงุชุ ุชุฑููุฏูุง ุจุงุฒ ู ููุงุฑุฏ ุฏฺฏุฑ ุฑุง ุฏุฑ ุงู ฺฉุงูุงู ุงุฑุณุงู ูโฺฉูุฏ.

โจ **ูฺฉุชู ุฌุงูุจ:** ุงู ูฺฉุงุช ุชูุณุท ููุด ูุตููุน CCoinAI ุชููุฏ ูโุดููุฏ ู ูุฑ ุจุงุฑ ูุชูุงูุช ู ุฎูุงูุงูู ูุณุชูุฏ! ๐ง๐ข"

"ฺฺฏููู ูโุชูุงูู ุงุฑุณุงู ูฺฉุงุช ุฑุง ูุชููู ฺฉููุ","๐ **ุชููู ุงุฑุณุงู ูฺฉุงุช ุจุง </untipchannel:0>**

ุงฺฏุฑ ุฏฺฏุฑ ููโุฎูุงูุฏ ูฺฉุงุช ุฎูุฏฺฉุงุฑ CCoin ุฏุฑ ฺฉุงูุงู ูุดุฎุต ุดุฏู ุงุฑุณุงู ุดูุฏุ ูโุชูุงูุฏ ุงู ูฺฺฏ ุฑุง ุบุฑูุนุงู ฺฉูุฏ:

1๏ธโฃ ุฏุณุชูุฑ </untipchannel:0> ุฑุง ุงุฌุฑุง ฺฉูุฏ
2๏ธโฃ ุชุฃุฏ ฺฉูุฏ ฺฉู ูโุฎูุงูุฏ ุงุฑุณุงู ูฺฉุงุช ุฎูุฏฺฉุงุฑ ูุชููู ุดูุฏ
3๏ธโฃ ุฑุจุงุช ุณุณุชู ูฺฉุงุช ุฑุง ุบุฑูุนุงู ุฎูุงูุฏ ฺฉุฑุฏ

ูพุณ ุงุฒ ุงุฌุฑุง ุงู ุฏุณุชูุฑุ ุฑุจุงุช ุฏฺฏุฑ ุฏุฑ ูฺ ฺฉุงูุงู ุงุฒ ุณุฑูุฑ ุดูุง ูฺฉุงุช ุฎูุฏฺฉุงุฑ ุงุฑุณุงู ููโฺฉูุฏ. ุงูุจุชู ุฏุฑ ูุฑ ุฒูุงู ูโุชูุงูุฏ ุจุง ุงุณุชูุงุฏู ูุฌุฏุฏ ุงุฒ </tipchannel:0> ุงู ูุงุจูุช ุฑุง ุฏูุจุงุฑู ูุนุงู ฺฉูุฏ. โน๏ธโจ"

"ูุญูู ุฏุณุชุฑุณ ุจู ูพูู ุงุฏูู ฺฺฏููู ุงุณุชุ","๐ **ุฏุณุชุฑุณ ุจู ูพูู ุงุฏูู CCoin**

ูพูู ุงุฏูู CCoin ุจุง ุฏุณุชูุฑ </admin:0> ุฏุฑ ุฏุณุชุฑุณ ุงุณุชุ ุงูุง ููุท ุจุฑุง ฺฉุงุฑุจุฑุงู ฺฉู ุฏุงุฑุง ูุฌูุฒ ูุฏุฑุช ุณุฑูุฑ ูุณุชูุฏ ูุงุจู ุงุณุชูุงุฏู ุงุณุช.

๐น **ูุงุจูุชโูุง ูพูู ุงุฏูู:**
โข ๐ฐ ุงูุฒูุฏู ุง ฺฉู ฺฉุฑุฏู ุณฺฉู ฺฉุงุฑุจุฑุงู
โข ๐ ุฑุณุช ฺฉุฑุฏู ุงูุชุตุงุฏ ฺฉุงุฑุจุฑุงู ุง ฺฉู ุณุฑูุฑ
โข ๐ ุชูุฒุน ุณฺฉู ุจู ููู ฺฉุงุฑุจุฑุงู
โข ๐ซ ูุณุฏูุฏ/ุฑูุน ูุณุฏูุฏุช ฺฉุงุฑุจุฑุงู
โข ๐ ูุดุงูุฏู ุขูุงุฑ ู ฺฏุฒุงุฑุดโูุง ุณุฑูุฑ
โข โ๏ธ ุชูุธูุงุช ูพุดุฑูุชู ุฑุจุงุช

ุงู ูพูู ุงุจุฒุงุฑ ูุฏุฑุชููุฏ ุจุฑุง ูุฏุฑุงู ุณุฑูุฑ ุงุณุช ุชุง ุจุชูุงููุฏ ุงูุชุตุงุฏ ุณุฑูุฑ ุฑุง ฺฉูุชุฑู ฺฉููุฏ ู ูุดฺฉูุงุช ุงุญุชูุงู ุฑุง ุจุฑุทุฑู ููุงูุฏ.

โ๏ธ **ุชูุฌู:** ุงุณุชูุงุฏู ุงุฒ ุงู ุฏุณุชูุฑ ูุงุฒ ุจู ุฏุณุชุฑุณโูุง ูุฏุฑุช ุฏุงุฑุฏ. ๐"

"ูู ูโุฎูุงูู ุฏุฑุจุงุฑู ุฑุจุงุช CCoin ุจุง ููุด ูุตููุน ุตุญุจุช ฺฉูู","๐ค **ฺฏูุชฺฏู ุจุง CCoinAI**

ุจุฑุง ุตุญุจุช ุจุง ููุด ูุตููุน CCoin ู ูพุฑุณุฏู ูุฑ ุณุคุงู ุฏุฑุจุงุฑู ุฑุจุงุชุ ุจุงุฒโูุงุ ุง ุฏุฑุงูุช ุฑุงูููุงุ ุงุฒ ุฏุณุชูุฑ </askai:0> ุงุณุชูุงุฏู ฺฉูุฏ:

๐น **ููููู ุงุณุชูุงุฏู:**
โข </askai:0> ุจูุชุฑู ุฑูุดโูุง ฺฉุณุจ ุณฺฉู ฺฉุฏุงููุฏุ
โข </askai:0> ููุงูู ุจุงุฒ Blackjack ฺุณุชุ
โข </askai:0> ฺฺฏููู ูโุชูุงูู ุฏุฑ ููโฺฏูโูุง ุจุฑูุฏู ุดููุ
โข </askai:0> ูุงุจูุชโูุง ุฌุฏุฏ ุฑุจุงุช ุฏุฑ ุขูพุฏุช ุงุฎุฑ ฺุณุชุ

CCoinAI ฺฉ ุฏุณุชุงุฑ ููุดููุฏ ุงุณุช ฺฉู ุจุง ุฒุจุงู ูุงุฑุณ ู ุทุจุน ุจู ุณุคุงูุงุช ุดูุง ูพุงุณุฎ ูโุฏูุฏ ู ุงุทูุงุนุงุช ุฏูู ุฏุฑุจุงุฑู ุชูุงู ุฌูุจูโูุง ุฑุจุงุช ุงุฑุงุฆู ูโฺฉูุฏ. ๐ง๐ฌโจ"

"ููุฌูุฏ ุญุณุงุจ ูู ฺูุฏุฑ ุงุณุชุ","๐ฐ **ุจุฑุง ูุดุงูุฏู ููุฌูุฏ ุญุณุงุจ ุฎูุฏุ ูุทูุงู ุงุฒ ุฏุณุชูุฑ </balance:0> ุงุณุชูุงุฏู ฺฉูุฏ!**

ุงู ุฏุณุชูุฑ ุจู ุดูุง ุงุทูุงุนุงุช ฺฉุงูู ุฏุฑุจุงุฑู:
โข ๐ช ุณฺฉูโูุง ููุฌูุฏ ุฏุฑ ฺฉู ูพูู
โข ๐ฆ ุณฺฉูโูุง ุฐุฎุฑู ุดุฏู ุฏุฑ ุจุงูฺฉ
โข ๐ ุชุนุฏุงุฏ ฺฉุฑุณุชุงูโูุง ุดูุง
โข ๐ ุณุทุญ ุงูุชุตุงุฏ ูุนู
โข ๐ก๏ธ ุขุชูโูุง ูุนุงู ูุญุงูุธุช ุดูุง

ููุงุด ูโุฏูุฏ. ุจุง ุงุฌุฑุง ุงู ุฏุณุชูุฑ ูโุชูุงูุฏ ูุถุนุช ูุงู ุฎูุฏ ุฑุง ุจู ุทูุฑ ฺฉุงูู ุจุฑุฑุณ ฺฉูุฏ. โจ"

"ฺฺฏููู ูพุงุฏุงุด ุฑูุฒุงูู ุฎูุฏ ุฑุง ุฏุฑุงูุช ฺฉููุ","๐ **ุฏุฑุงูุช ูพุงุฏุงุด ุฑูุฒุงูู**

ุจุฑุง ุฏุฑุงูุช ูพุงุฏุงุด ุฑูุฒุงูู ุฎูุฏุ ฺฉุงูุณุช ุฏุณุชูุฑ </daily:0> ุฑุง ุงุฌุฑุง ฺฉูุฏ! ุจุง ุงู ุฏุณุชูุฑ:

โข ๐ฐ ุณฺฉู ุฑุงฺฏุงู ุฏุฑุงูุช ูโฺฉูุฏ (ููุฏุงุฑ ุขู ุจุณุชู ุจู ุณุทุญ ุดูุง ูุชุบุฑ ุงุณุช)
โข ๐ ุงุณุชุฑฺฉ ุฑูุฒุงูู ุดูุง ุงูุฒุงุด ูโุงุจุฏ
โข โจ XP ุจุฑุง ุงูุฒุงุด ุณุทุญ ุฏุฑุงูุช ูโฺฉูุฏ
โข ๐ฒ ุดุงูุณ ุฏุฑุงูุช ุฌูุงุฒ ูฺู ุชุตุงุฏู ุฏุงุฑุฏ

๐ฅ **ูฺฉุชู ุทูุง:** ุณุน ฺฉูุฏ ูุฑ ุฑูุฒ ูพุงุฏุงุด ุฎูุฏ ุฑุง ุฏุฑุงูุช ฺฉูุฏ! ุจุง ุงูุฒุงุด ุงุณุชุฑฺฉ (ุฑูุฒูุง ูุชูุงู)ุ ููุฏุงุฑ ูพุงุฏุงุด ุดูุง ุงูุฒุงุด ูโุงุจุฏ ู ูุฑ 7 ุฑูุฒ ูุชูุงูุ ุฌุงุฒู ูฺูโุง ุฏุฑุงูุช ุฎูุงูุฏ ฺฉุฑุฏ. โฐ๐"

"ูโุฎูุงูู ุจุง ุฑุงูููุง ุฑุจุงุช CCoin ุขุดูุง ุดูู","๐ **ุฑุงูููุง ุฌุงูุน CCoin**

ุจุฑุง ูุดุงูุฏู ุฑุงูููุง ฺฉุงูู ุฑุจุงุช ู ุขุดูุง ุจุง ุชูุงู ูุงุจูุชโูุง ู ุฏุณุชูุฑุงุชุ ุงุฒ </help:0> ุงุณุชูุงุฏู ฺฉูุฏ!

ุงู ุฑุงูููุง ุดุงูู ุงุทูุงุนุงุช ุฏุฑุจุงุฑู:
โข ๐ฎ ุฏุณุชูุฑุงุช ุงุตู ู ฺฉุงุฑุจุฑุฏ ุขููุง
โข ๐ฐ ุณุณุชู ุงูุชุตุงุฏ ู ูุญูู ฺฉุณุจ ุณฺฉู
โข ๐ฒ ููโฺฏูโูุง ู ููุงูู ุขููุง
โข ๐ฆ ุณุณุชู ุจุงูฺฉ ู ูุญูู ุงุณุชูุงุฏู ุงุฒ ุขู
โข ๐ ูุฑูุดฺฏุงู ู ุฎุฑุฏ ุขุชูโูุง
โข ๐ฅ ุณุณุชู ุฏูุณุช ู ุชุนุงูู ุจุง ุฏฺฏุฑุงู

ูโุจุงุดุฏ. ุงู ุจูุชุฑู ููุทู ุจุฑุง ุดุฑูุน ฺฉุงุฑ ุจุง ุฑุจุงุช CCoin ุงุณุชุ ุฎุตูุตุงู ุงฺฏุฑ ุชุงุฒู ุจุง ุฑุจุงุช ุขุดูุง ุดุฏูโุงุฏ! ๐โจ"

"ูู ูโุฎูุงูู ุชูุงู ููููุง ุฑุจุงุช ุฑุง ุจุจูู","๐ฎ **ููู ุงุตู CCoin**

ุจุฑุง ุฏุณุชุฑุณ ุจู ุชูุงู ุจุฎุดโูุง ุฑุจุงุชุ ฺฉุงูุณุช ุฏุณุชูุฑ </menu:0> ุฑุง ุงุฌุฑุง ฺฉูุฏ!

ุงู ุฏุณุชูุฑ ฺฉ ูพูู ุชุนุงูู ุจุง ุฏฺฉููโูุง ูุฎุชูู ุจุฑุง ุดูุง ููุงุด ูโุฏูุฏ ฺฉู ุฏุณุชุฑุณ ุจู ุชูุงู ูุงุจูุชโูุง ุฑุจุงุช ุฑุง ูุฑุงูู ูโฺฉูุฏ:

โข ๐ฎ ุจุฎุด ุจุงุฒโูุง: ุฏุณุชุฑุณ ุจู ุชูุงู ููโฺฏูโูุง
โข ๐ฐ ุจุฎุด ุงูุชุตุงุฏ: ูุดุงูุฏู ููุฌูุฏุ ุจุงูฺฉุ ุชุฑุงฺฉูุดโูุง
โข ๐ ูุฑูุดฺฏุงู: ุฎุฑุฏ ุขุชูโูุงุ ูุดุงูุฏู ุงูุจุงุฑ
โข ๐ฅ ุจุฎุด ุงุฌุชูุงุน: ุฏูุณุชโูุงุ ฺฉููโูุงุ ูพุงูโูุง ุฎุตูุต
โข ๐ ูพุฑููุงู: ูุดุงูุฏู ู ุดุฎุตโุณุงุฒ ูพุฑููุงู
โข ๐ ุฑุชุจูโุจูุฏ: ูุฏุฑุจูุฑุฏูุง ู ุฑูุงุจุชโูุง

ููู ุงุตู ุจู ุดูุง ฺฉูฺฉ ูโฺฉูุฏ ุจู ุฑุงุญุช ุฏุฑ ุจู ูุงุจูุชโูุง ูุฎุชูู ุฑุจุงุช ุญุฑฺฉุช ฺฉูุฏ! ๐โจ"

"ุฑุจุงุช CCoin ฺู ููโฺฏูโูุง ุฏุงุฑุฏุ","๐ฎ **ููโฺฏูโูุง ูุฌุงูโุงูฺฏุฒ CCoin**

ุฑุจุงุช CCoin ูุฌููุนู ูุชููุน ุงุฒ ููโฺฏูโูุง ุณุฑฺฏุฑูโฺฉููุฏู ุฏุงุฑุฏ ฺฉู ูโุชูุงูุฏ ุงุฒ ุทุฑู ููู ุจุงุฒโูุง ุจู ุขููุง ุฏุณุชุฑุณ ูพุฏุง ฺฉูุฏ:

โข ๐ **ุจูฺฉโุฌฺฉ (</blackjack:0>)**: ุจุงุฒ ฺฉุงุฑุช ูุญุจูุจ ุจุง ุดุงูุณ ุจุฑุฏ ุจุงูุง
โข ๐ฐ **ุงุณูุงุช (</slots:0>)**: ูุงุดู ุงุณูุงุช ุจุง ุฌูุงุฒ ูุชููุน
โข ๐ฒ **ุชุงุณ (</dice:0>)**: ุดุฑุทโุจูุฏ ุฑู ูุชุฌู ูพุฑุชุงุจ ุชุงุณ
โข โ๏ธ **ุณูฺฏโฺฉุงุบุฐโูฺ (</rps:0>)**: ุฑูุงุจุช ฺฉูุงุณฺฉ ุจุง ุฏฺฏุฑ ฺฉุงุฑุจุฑุงู
โข ๐ช **ูพุฑุชุงุจ ุณฺฉู (</coinflip:0>)**: ุดุฑ ุง ุฎุท ุจุง ุถุฑุงุจ ูุฎุชูู
โข ๐ซ **ูุงุชุงุฑ (</lottery:0>)**: ุดุงูุณ ุจุฑูุฏู ุดุฏู ุฌุงุฒู ุจุฒุฑฺฏ
โข ๐ญ **ุญููุช ุง ุฌุฑุฃุช (</truthordare:0>)**: ุจุงุฒ ฺฏุฑูู ุณุฑฺฏุฑูโฺฉููุฏู
โข โ **ฺฉูุฒ (</quiz:0>)**: ุฑูุงุจุช ุฏุฑ ูพุงุณุฎ ุจู ุณุคุงูุงุช ูุฎุชูู
โข ๐บ **ฺฏุฑฺฏูู (</werewolf:0>)**: ุจุงุฒ ฺฏุฑูู ุงุณุชุฑุงุชฺฺฉ

ูุฑ ููโฺฏู ููุงูู ู ุฌูุงุฒ ูุฎุตูุต ุจู ุฎูุฏ ุฑุง ุฏุงุฑุฏ. ุจุง ุดุฑฺฉุช ุฏุฑ ุขููุง ูโุชูุงูุฏ ุณฺฉู ุฌูุนโุขูุฑ ฺฉูุฏ ู ุณุทุญ ุฎูุฏ ุฑุง ุจุงูุง ุจุจุฑุฏ! ๐ฏ๐"

"ฺฺฏููู ูโุชูุงูู ุณฺฉู ุจุดุชุฑ ุฌูุนโุขูุฑ ฺฉููุ","๐ฐ **ุฑูุดโูุง ุฌูุนโุขูุฑ ุณฺฉู ุฏุฑ CCoin**

ุฑูุดโูุง ูุชููุน ุจุฑุง ฺฉุณุจ ุณฺฉู ุฏุฑ ุฑุจุงุช CCoin ูุฌูุฏ ุฏุงุฑุฏ:

โข ๐ **ูพุงุฏุงุด ุฑูุฒุงูู (</daily:0>)**: ูุฑ 24 ุณุงุนุช ฺฉโุจุงุฑ
โข ๐ผ **ฺฉุงุฑ ฺฉุฑุฏู (</work:0>)**: ูุฑ ุณุงุนุช ฺฉโุจุงุฑ
โข ๐ฎ **ุจุฑูุฏู ุดุฏู ุฏุฑ ููโฺฏูโูุง**: ูุซู ุจูฺฉโุฌฺฉุ ุงุณูุงุชุ ุชุงุณ ู...
โข ๐ฆนโโ๏ธ **ุฏุฒุฏ (</rob:0>)**: ุฏุฒุฏุฏู ุณฺฉู ุงุฒ ฺฉุงุฑุจุฑุงู ุฏฺฏุฑ (ุฑุณฺฉ ุจุงูุง!)
โข ๐ **ุดุฑฺฉุช ุฏุฑ ุงููุชโูุง ู ฺุงูุดโูุง**: ุฑูุฏุงุฏูุง ูุฎุชูู ุณุฑูุฑ
โข ๐ฆ **ุงูุชู ุตูุฏููโูุง ฺฏูุฌ**: ุตูุฏููโูุง ุชุตุงุฏู ุฏุฑ ฺุชโูุง
โข ๐ฏ **ุชฺฉูู ฺฉูุฆุณุชโูุง**: ูุธุงู ู ูุฃููุฑุชโูุง ูุฎุชูู
โข ๐ฒ **ูุฑูุด ุขุชูโูุง**: ูุฑูุด ุขุชูโูุง ุงุถุงู ุงุฒ ุงูุจุงุฑ

๐ฅ **ูฺฉุชู ุทูุง**: ุชุฑฺฉุจ ุงุฒ ุงู ุฑูุดโูุง ุฑุง ุงุณุชูุงุฏู ฺฉูุฏ ู ูุนุงูุช ููุธู ุฏุงุดุชู ุจุงุดุฏ ุชุง ุจุชูุงูุฏ ุณุฑุนโุชุฑ ุณฺฉู ุฌูุนโุขูุฑ ฺฉูุฏ! ๐ธโจ"

"ุณุณุชู ุจุงูฺฉ CCoin ฺฺฏููู ฺฉุงุฑ ูโฺฉูุฏุ","๐ฆ **ุณุณุชู ุจุงูฺฉ CCoin - ูุญุงูุธุช ุงุฒ ุณฺฉูโูุง ุดูุง**

ุจุง ุงุณุชูุงุฏู ุงุฒ ุฏุณุชูุฑ </bank:0> ูโุชูุงูุฏ ุจู ุณุณุชู ุจุงูฺฉ CCoin ุฏุณุชุฑุณ ูพุฏุง ฺฉูุฏ:

๐ฅ **ุณูพุฑุฏูโฺฏุฐุงุฑ (Deposit)**: ุณฺฉูโูุง ุฑุง ุฏุฑ ุจุงูฺฉ ุฐุฎุฑู ฺฉูุฏ ุชุง ุงุฒ ุฏุฒุฏ ูุญุงูุธุช ุดููุฏ
๐ค **ุจุฑุฏุงุดุช (Withdraw)**: ุณฺฉูโูุง ุฑุง ุงุฒ ุญุณุงุจ ุจุงูฺฉ ุจู ฺฉู ูพูู ููุชูู ฺฉูุฏ
๐ **ุงุทูุงุนุงุช ุญุณุงุจ**: ูุดุงูุฏู ููุฌูุฏ ุจุงูฺฉ ู ุณูู ูุฌุงุฒ

๐น **ูุฒุงุง ุงุณุชูุงุฏู ุงุฒ ุจุงูฺฉ:**
โข ๐ก๏ธ ุณฺฉูโูุง ุฏุงุฎู ุจุงูฺฉ ุงุฒ ุฏุฒุฏ ุฏุฑ ุงูุงู ูุณุชูุฏ
โข ๐น ุฏุฑุงูุช ุณูุฏ ุฑูุฒุงูู ุจุฑ ุงุณุงุณ ูุฒุงู ุณูพุฑุฏู (ุฏุฑ ุณุทูุญ ุจุงูุงุชุฑ)
โข ๐ ูุฏุฑุช ุจูุชุฑ ุงูุชุตุงุฏ ุดุฎุต

โ๏ธ **ูฺฉุชู ููู**: ุณูู ุจุงูฺฉ ุจุง ุงูุฒุงุด ุณุทุญ ุดูุง ุจุงูุงุชุฑ ูโุฑูุฏ. ฺฉุงุฑุจุฑุงู VIP ุณูู ุจุงูฺฉ ุจุงูุงุชุฑ ุฏุงุฑูุฏ! ๐ผโจ"

"ูุฑูุดฺฏุงู CCoin ฺู ุขุชูโูุง ุฏุงุฑุฏุ","๐ **ูุฑูุดฺฏุงู ุฌุฐุงุจ CCoin**

ุฏุฑ ูุฑูุดฺฏุงู CCoin ุจุง ุงุณุชูุงุฏู ุงุฒ ุฏุณุชูุฑ </shop:0> ูโุชูุงูุฏ ุขุชูโูุง ูุชููุน ุฎุฑุฏุงุฑ ฺฉูุฏ:

๐ก๏ธ **ุขุชูโูุง ูุญุงูุธุช**:
โข ููู ุงูู - ูุญุงูุธุช ุฏุฑ ุจุฑุงุจุฑ ุฏุฒุฏ
โข ุณฺฏ ูฺฏูุจุงู - ฺฉุงูุด ุดุงูุณ ููููุช ุฏุฒุฏูุง
โข ุณุณุชู ุงููุช - ูุญุงูุธุช ูพุดุฑูุชู ุงุฒ ุณฺฉูโูุง

๐ฎ **ุขุชูโูุง ุจูุณุชุฑ**:
โข ููุฌุงู ูููู - ุงูุฒุงุด ุฏุฑุขูุฏ ฺฉุงุฑ
โข ฺุฑุงุบ ุฌุงุฏู - ุงูุฒุงุด ุดุงูุณ ุฏุฑ ููโฺฏูโูุง
โข ุทูุณู ุดุงูุณ - ุงูุฒุงุด ุฌูุงุฒ ุชุตุงุฏู

๐ญ **ุขุชูโูุง ุชุฒุฆู**:
โข ุจฺฉโฺฏุฑุงูุฏูุง ูุฎุชูู ุจุฑุง ูพุฑููุงู
โข ูุดุงูโูุง ูฺู (ุจุฌโูุง)
โข ุงูฺฉุชโูุง ูฺู

๐งฐ **ุขุชูโูุง ฺฉุงุฑุจุฑุฏ**:
โข ุฌุนุจูโูุง ุดุงูุณ ุจุง ุฌูุงุฒ ุชุตุงุฏู
โข ฺฉุงุฑุชโูุง ูุฏู ูุงุจู ุงูุชูุงู
โข ุงุจุฒุงุฑูุง ูุฎุตูุต ููโฺฏูโูุง

ุจุฑุง ุฎุฑุฏ ฺฉุงูุณุช ุฑู ุขุชู ููุฑุฏ ูุธุฑ ฺฉูฺฉ ฺฉูุฏ ุง ุงุฒ ุฏุณุชูุฑ </buy:0> [ุดูุงุณู ุขุชู] ุงุณุชูุงุฏู ฺฉูุฏ. ๐โจ"

"ุณุณุชู ุฏูุณุช ุฏุฑ CCoin ฺฺฏููู ฺฉุงุฑ ูโฺฉูุฏุ","๐ฅ **ุณุณุชู ุฏูุณุช CCoin**

ุจุง ุงุณุชูุงุฏู ุงุฒ ุฏุณุชูุฑ </friend:0> ูโุชูุงูุฏ ุจู ุณุณุชู ุฏูุณุช ุฑุจุงุช ุฏุณุชุฑุณ ูพุฏุง ฺฉูุฏ:

๐น **ุงุฑุณุงู ุฏุฑุฎูุงุณุช ุฏูุณุช**:
โข </friend add:0> @username - ุงุฑุณุงู ุฏุฑุฎูุงุณุช ุฏูุณุช ุจู ฺฉุงุฑุจุฑ ุฏฺฏุฑ

๐น **ูุฏุฑุช ุฏุฑุฎูุงุณุชโูุง**:
โข </friend accept:0> @username - ูพุฐุฑุด ุฏุฑุฎูุงุณุช ุฏูุณุช
โข </friend decline:0> @username - ุฑุฏ ุฏุฑุฎูุงุณุช ุฏูุณุช
โข </friend remove:0> @username - ุญุฐู ุงุฒ ูุณุช ุฏูุณุชุงู

๐น **ูุดุงูุฏู ูุณุช ุฏูุณุชุงู**:
โข </friends:0> - ููุงุด ูุณุช ฺฉุงูู ุฏูุณุชุงู ุดูุง

๐น **ูุฒุงุง ุฏุงุดุชู ุฏูุณุช ุฏุฑ CCoin**:
โข ๐ ุงูฺฉุงู ุงุฑุณุงู ูุฏู ุณฺฉู ุจุง ฺฉุงุฑูุฒุฏ ฺฉูุชุฑ
โข ๐ฅ ุชุดฺฉู ุชู ุฏุฑ ุจุงุฒโูุง ฺฏุฑูู
โข ๐ฌ ุฏุณุชุฑุณ ุจู ฺุช ุฎุตูุต ุฏุฑูู ุฑุจุงุช
โข ๐ค ุชุฌุงุฑุช ุขุชูโูุง ุจุง ุดุฑุงุท ุจูุชุฑ

ุฏูุณุชุงู ูโุชูุงููุฏ ุฏุฑ ูุงุฌุฑุงุฌูโูุง ุดูุง ุฏุฑ CCoin ููุฑุงูุชุงู ุจุงุดูุฏ ู ุจู ูพุดุฑูุช ุณุฑุนโุชุฑ ฺฉูฺฉ ฺฉููุฏ! ๐โจ"

"ฺฺฏููู ูโุชูุงูู ุณุทุญ ุฎูุฏ ุฑุง ุงูุฒุงุด ุฏููุ","๐ **ุงูุฒุงุด ุณุทุญ ุฏุฑ CCoin**

ุฏุฑ ุฑุจุงุช CCoinุ ุงูุฒุงุด ุณุทุญ (Level Up) ุงุฒ ุทุฑู ุฌูุนโุขูุฑ XP (ุชุฌุฑุจู) ุงูฺฉุงูโูพุฐุฑ ุงุณุช:

๐น **ุฑูุดโูุง ฺฉุณุจ XP**:
โข ๐ฎ ุดุฑฺฉุช ุฏุฑ ููโฺฏูโูุง
โข ๐ฐ ุงูุฌุงู ูุนุงูุชโูุง ุงูุชุตุงุฏ (ฺฉุงุฑุ ุฏุฒุฏุ ุฎุฑุฏ)
โข ๐ ุฏุฑุงูุช ูพุงุฏุงุด ุฑูุฒุงูู
โข ๐ ุดุฑฺฉุช ุฏุฑ ุงููุชโูุง ู ฺุงูุดโูุง
โข ๐ฅ ุชุนุงูู ุจุง ุฏฺฏุฑ ฺฉุงุฑุจุฑุงู

๐น **ูุฒุงุง ุงูุฒุงุด ุณุทุญ**:
โข ๐ต ุงูุฒุงุด ูพุงุฏุงุดโูุง ุฑูุฒุงูู ู ุฏุฑุขูุฏ ฺฉุงุฑ
โข ๐ฆ ุงูุฒุงุด ุณูู ุจุงูฺฉ
โข ๐ ุฏุณุชุฑุณ ุจู ุขุชูโูุง ุฌุฏุฏ ุฏุฑ ูุฑูุดฺฏุงู
โข ๐ก๏ธ ุงูุฒุงุด ูุฏุฑุช ุฏูุงุน ู ุชูุงุฌู ุฏุฑ ุฏุฒุฏ
โข ๐ ุฏุณุชุฑุณ ุจู ูฺฺฏโูุง ุงูุญุตุงุฑ ุฏุฑ ุณุทูุญ ุจุงูุงุชุฑ

๐ฅ **ูฺฉุชู ููู**: ุจุฑุง ูุดุงูุฏู ุณุทุญ ูุนู ู ูุฒุงู XP ููุฑุฏ ูุงุฒ ุจุฑุง ุณุทุญ ุจุนุฏุ ูโุชูุงูุฏ ุงุฒ ุฏุณุชูุฑ </profile:0> ุงุณุชูุงุฏู ฺฉูุฏ. ูุนุงูุช ูุณุชูุฑ ู ูุชููุนุ ุณุฑุนโุชุฑู ุฑุงู ุจุฑุง ุงูุฒุงุด ุณุทุญ ุงุณุช! ๐โจ"

"ฺฺฏููู ูโุชูุงูู ูพุฑููุงู ุฎูุฏ ุฑุง ุดุฎุตโุณุงุฒ ฺฉููุ","๐จ **ุดุฎุตโุณุงุฒ ูพุฑููุงู CCoin**

ุจุง ุงุณุชูุงุฏู ุงุฒ ุฏุณุชูุฑ </profile:0> ูโุชูุงูุฏ ุจู ูพุฑููุงู ุฎูุฏ ุฏุณุชุฑุณ ูพุฏุง ฺฉูุฏ ู ุขู ุฑุง ุดุฎุตโุณุงุฒ ฺฉูุฏ:

๐น **ฺฏุฒููโูุง ุดุฎุตโุณุงุฒ**:
โข ๐ผ๏ธ **ุชุบุฑ ุจฺฉโฺฏุฑุงูุฏ**: ุงุฒ ูุฑูุดฺฏุงู ุจฺฉโฺฏุฑุงูุฏูุง ูุชููุน ุฎุฑุฏุงุฑ ฺฉูุฏ
โข ๐ **ุชุบุฑ ุจูฺฏุฑุงู**: ูุนุฑู ุฎูุฏ ุจุง ูุชู ุฏูุฎูุงู
โข ๐จ **ุฑูฺฏ ุดุฎุต**: ุชุบุฑ ุฑูฺฏ ุงุตู ููุงุด ูพุฑููุงู
โข ๐ **ููุงุด ูุดุงูโูุง (ุจุฌโูุง)**: ูุดุงูโูุง ุงูุชุฎุงุฑ ุฏุฑ ูพุฑููุงู
โข ๐ **ููุงุด ุขูุงุฑ**: ุงูุชุฎุงุจ ุขูุงุฑูุง ฺฉู ุฏุฑ ูพุฑููุงู ููุงุด ุฏุงุฏู ูโุดููุฏ

๐น **ุฏุณุชูุฑุงุช ฺฉุงุฑุจุฑุฏ**:
โข </profile customize:0> - ุจุงุฒ ฺฉุฑุฏู ููู ุดุฎุตโุณุงุฒ
โข </profile background:0> - ุชุบุฑ ุจฺฉโฺฏุฑุงูุฏ
โข </profile bio:0> [ูุชู] - ุชุบุฑ ุจูฺฏุฑุงู
โข </profile color:0> [ฺฉุฏ ุฑูฺฏ] - ุชุบุฑ ุฑูฺฏ ูพุฑููุงู

ฺฉ ูพุฑููุงู ุฌุฐุงุจ ู ููุญุตุฑ ุจู ูุฑุฏ ุจุงุนุซ ูโุดูุฏ ุฏุฑ ูุงู ุฏฺฏุฑ ฺฉุงุฑุจุฑุงู ูุชูุงุฒ ุดูุฏ! โจ๐"

"ฺฺฏููู ูโุชูุงูู ุฏุฑ ุฑุชุจูโุจูุฏโูุง ุจุงูุง ุจุฑููุ","๐ **ุฑุชุจูโุจูุฏโูุง ุฏุฑ CCoin**

ุจุฑุง ูุดุงูุฏู ูุณุช ุฑุชุจูโุจูุฏ ฺฉุงุฑุจุฑุงูุ ุงุฒ ุฏุณุชูุฑ </leaderboard:0> ุงุณุชูุงุฏู ฺฉูุฏ. ุงู ุฑุชุจูโุจูุฏโูุง ุดุงูู:

๐ **ุงููุงุน ูุฏุฑุจูุฑุฏ**:
โข ๐ฐ **ุซุฑูุช**: ฺฉุงุฑุจุฑุงู ุจุง ุจุดุชุฑู ูุฌููุน ุณฺฉู (ฺฉู ูพูู + ุจุงูฺฉ)
โข ๐ **ุณุทุญ**: ฺฉุงุฑุจุฑุงู ุจุง ุจุงูุงุชุฑู ุณุทุญ
โข ๐ **ฺฉุฑุณุชุงู**: ฺฉุงุฑุจุฑุงู ุจุง ุจุดุชุฑู ุชุนุฏุงุฏ ฺฉุฑุณุชุงู
โข ๐ **ุงุณุชุฑฺฉ**: ฺฉุงุฑุจุฑุงู ุจุง ุจุดุชุฑู ุงุณุชุฑฺฉ ุฑูุฒุงูู ูุชูุงู
โข ๐ฎ **ููโฺฏู**: ุจูุชุฑู ุจุงุฒฺฉูุงู ูุฑ ููโฺฏู

๐น **ุฑูุดโูุง ุจุงูุง ุฑูุชู ุฏุฑ ุฑุชุจูโุจูุฏ**:
โข ๐ ูุนุงูุช ููุธู ุฑูุฒุงูู
โข ๐ธ ุฌูุนโุขูุฑ ููุดููุฏุงูู ุณฺฉู ู ูุฏุฑุช ุงูุชุตุงุฏ
โข ๐ฏ ุชูุฑฺฉุฒ ุฑู ฺฉ ููุน ุฎุงุต ุงุฒ ุฑุชุจูโุจูุฏ
โข ๐ง ุงุณุชุฑุงุชฺ ููุงุณุจ ุฏุฑ ููโฺฏูโูุง
โข ๐ ุงูุฒุงุด ูุฏุงูู ุณุทุญ

๐ฅ **ูฺฉุชู ุทูุง**: ุฑุชุจูโุจูุฏโูุง ูุฑ ุฑูุฒ ุจูโุฑูุฒุฑุณุงู ูโุดููุฏ. ฺฉุงุฑุจุฑุงู ุจุฑุชุฑ ฺฏุงู ุฌูุงุฒ ูฺูโุง ุฏุฑุงูุช ูโฺฉููุฏ! ๐๐"

"ฺฺฏููู ูโุชูุงูู ุนุถู ฺฉูู ุดูู ุง ฺฉูู ุฌุฏุฏ ุจุณุงุฒูุ","๐ฐ **ุณุณุชู ฺฉููโูุง ุฏุฑ CCoin**

ฺฉููโูุง ฺฏุฑููโูุง ุณุงุฒูุงูโุงูุชู ุงุฒ ุจุงุฒฺฉูุงู ูุณุชูุฏ ฺฉู ุจุง ูู ููฺฉุงุฑ ูโฺฉููุฏ:

๐น **ุฏุณุชูุฑุงุช ุงุตู ฺฉูู**:
โข </clan create:0> [ูุงู ฺฉูู] - ุณุงุฎุช ฺฉูู ุฌุฏุฏ
โข </clan join:0> [ูุงู ฺฉูู] - ูพูุณุชู ุจู ฺฉ ฺฉูู ููุฌูุฏ
โข </clan info:0> - ูุดุงูุฏู ุงุทูุงุนุงุช ฺฉูู ุฎูุฏ
โข </clan members:0> - ูุดุงูุฏู ูุณุช ุงุนุถุง ฺฉูู
โข </clan leave:0> - ุชุฑฺฉ ฺฉูู

๐น **ูุฒุงุง ุนุถูุช ุฏุฑ ฺฉูู**:
โข ๐ก๏ธ ูุญุงูุธุช ฺฏุฑูู ุฏุฑ ุจุฑุงุจุฑ ุฏุฒุฏ
โข ๐ฐ ุจุงูฺฉ ฺฉูู ุจุฑุง ุฐุฎุฑู ููุงุจุน ูุดุชุฑฺฉ
โข ๐ ุชุฎููโูุง ูฺู ุฏุฑ ุฎุฑุฏ ุงุฒ ูุฑูุดฺฏุงู
โข ๐ ุดุฑฺฉุช ุฏุฑ ุฑูุฏุงุฏูุง ูุฎุตูุต ฺฉููโูุง
โข ๐ฅ ููฺฉุงุฑ ุชู ุจุฑุง ูพุดุฑูุช ุณุฑุนโุชุฑ

โ๏ธ **ูุฏุฑุช ฺฉูู** (ุจุฑุง ุฑูุจุฑุงู ู ุงูุณุฑุงู):
โข </clan invite:0> @username - ุฏุนูุช ฺฉุงุฑุจุฑ ุฌุฏุฏ
โข </clan kick:0> @username - ุงุฎุฑุงุฌ ุนุถู
โข </clan promote:0> @username - ุงุฑุชูุงุก ููุงู ุนุถู
โข </clan settings:0> - ุชูุธูุงุช ฺฉูู

ฺฉููโูุง ฺฉ ุงุฒ ุจูุชุฑู ุฑุงูโูุง ุจุฑุง ุชุฌุฑุจู ฺฏุฑูู ู ูพุดุฑูุช ุณุฑุนโุชุฑ ุฏุฑ CCoin ูุณุชูุฏ! ๐ฏโจ"

"ุณุณุชู ููุด ูุตููุน CCoin ฺู ูุงุจูุชโูุง ุฏุงุฑุฏุ","๐ง **ููุด ูุตููุน ูพุดุฑูุชู CCoin**

CCoin ุงุฒ ฺฉ ุณุณุชู ููุด ูุตููุน ูพุดุฑูุชู ุจูุฑู ูโุจุฑุฏ ฺฉู ูุงุจูุชโูุง ูุชููุน ุฏุงุฑุฏ:

๐น **CCoinAI** - ฺฏูุชฺฏู ููุดููุฏ ุจุง ุฏุณุชูุฑ </askai:0>:
โข ๐ฌ ูพุงุณุฎฺฏู ุจู ุณุคุงูุงุช ุฏุฑุจุงุฑู ุฑุจุงุช ู ุฏุณุชูุฑุงุช
โข ๐ฎ ุงุฑุงุฆู ุงุณุชุฑุงุชฺโูุง ุจุงุฒ ู ุชุฑููุฏูุง ุฌูุนโุขูุฑ ุณฺฉู
โข ๐งฉ ุฑุงูููุง ุฏุฑ ุญู ูุดฺฉูุงุช ู ฺุงูุดโูุง
โข ๐ฒ ุชูุตูโูุง ููุดููุฏ ุจุฑุง ููโฺฏูโูุง
โข ๐ ุชูุถุญ ููุงูู ู ูฺฉุงูฺฉโูุง ุจุงุฒ

๐น **ูุงุจูุชโูุง ุฏฺฏุฑ ููุด ูุตููุน CCoin**:
โข ๐ ุชููุฏ ุฎูุฏฺฉุงุฑ ูฺฉุงุช ุขููุฒุด ุฏุฑ ฺฉุงูุงูโูุง ุชูพ
โข ๐ญ ุชููุฏ ุณูุงุฑููุง ุฎูุงูุงูู ุฏุฑ ููโฺฏูโูุง
โข ๐ ุชุญูู ุฏุงุฏูโูุง ู ุงุฑุงุฆู ูพุดููุงุฏูุง ุดุฎุตโุณุงุฒ ุดุฏู
โข ๐ฎ ูพุดโุจู ููุดููุฏ ุฏุฑ ุจุงุฒโูุง ุดุงูุณ

CCoinAI ุจู ุฒุจุงู ูุงุฑุณ ูุณูุท ุงุณุช ู ูโุชูุงูุฏ ุจู ุตูุฑุช ุทุจุน ู ุฑูุงู ุจุง ุดูุง ฺฏูุชฺฏู ฺฉูุฏ! ุจุฑุง ฺฏูุชฺฏู ุจุง ุขูุ ฺฉุงูุณุช ุงุฒ ุฏุณุชูุฑ </askai:0> ููุฑุงู ุจุง ุณุคุงู ุฎูุฏ ุงุณุชูุงุฏู ฺฉูุฏ. ๐คโจ"

"ุณุณุชู ุงุทูุงุนโุฑุณุงู ุงูุชุตุงุฏ CCoin ฺฺฏููู ฺฉุงุฑ ูโฺฉูุฏุ","๐ข **ุณุณุชู ุงุทูุงุนโุฑุณุงู ุงูุชุตุงุฏ CCoin**

CCoin ุฏุงุฑุง ุณุณุชู ุงุทูุงุนโุฑุณุงู ููุดููุฏ ุงุณุช ฺฉู ุชูุงู ุชุบุฑุงุช ุงูุชุตุงุฏ ุญุณุงุจ ุดูุง ุฑุง ุจุง ุฑูฺฏโุจูุฏ ูฺู ู ุชูุถุญุงุช ุฏูู ุจู ุดูุง ุงุทูุงุน ูโุฏูุฏ:

๐น **ุฑูฺฏโุจูุฏ ุงุนูุงูโูุง**:
โข ๐ข **ุณุจุฒ**: ุจุฑุง ุงูุฒุงุด ุณฺฉู (ูุซูุงู ููฺฏุงู ฺฉู ุงุฏูู ุจู ุญุณุงุจุชุงู ุณฺฉู ุงุถุงูู ูโฺฉูุฏ)
โข ๐ด **ูุฑูุฒ**: ุจุฑุง ฺฉุงูุด ุง ุฑุณุช ุณฺฉู (ูุซูุงู ุฒูุงู ฺฉุณุฑ ุฌุฑูู ุง ุฑุณุช ุงูุชุตุงุฏ)
โข ๐ต **ุขุจ**: ุจุฑุง ุชูุฒุน ุนููู ุณฺฉู (ูุซูุงู ุฑูุฏุงุฏูุง ุจุงุฑุด ุณฺฉู)

๐น **ุงุทูุงุนุงุช ููุฌูุฏ ุฏุฑ ูุฑ ุงุนูุงู**:
โข ๐ฐ ููุฏุงุฑ ุชุบุฑ (ุงูุฒุงุด ุง ฺฉุงูุด)
โข ๐ค ูุงู ุงุฏูู ุงูุฌุงู ุฏููุฏู ุนููุงุช
โข ๐ ุฏูู ุชุบุฑุงุช (ูุซูุงู "ุฌุงุฒู ูุนุงูุช" ุง "ุฌุฑูู ุชุฎูู")
โข โฐ ุชุงุฑุฎ ู ุฒูุงู ุฏูู

ุงู ุณุณุชู ุดูุงูุช ุฑุง ุงูุฒุงุด ูโุฏูุฏ ู ุจู ุดูุง ุงูฺฉุงู ูโุฏูุฏ ุงุฒ ุชูุงู ุชุบุฑุงุช ุญุณุงุจ ุฎูุฏ ุขฺฏุงู ุจุงุดุฏ. ููฺูู ุงู ุงุทูุงุนุงุช ุฏุฑ ุชุงุฑุฎฺู ุชุฑุงฺฉูุดโูุง ุดูุง ุจุง ุฏุณุชูุฑ </transactions:0> ูุงุจู ูุดุงูุฏู ุงุณุช. ๐โจ"

"ูพุงูโูุง ูุถุนุช ุฑุจุงุช ฺฺฏููู ฺฉุงุฑ ูโฺฉููุฏุ","๐ญ **ุณุณุชู ูพุงูโูุง ูุถุนุช CCoin**

ูพุงูโูุง ูุถุนุช CCoinุ ูุชูโูุง ูุณุชูุฏ ฺฉู ุฏุฑ ุจุฎุด ยซุฏุฑ ุญุงู ุชูุงุดุง...ยป ูพุฑููุงู ุฑุจุงุช ุฏุฑ ุฏุณฺฉูุฑุฏ ููุงุด ุฏุงุฏู ูโุดููุฏ:

๐น **ูฺฺฏโูุง ูพุงูโูุง ูุถุนุช**:
โข ๐ ูุฑ 20 ุฏููู ุจู ุตูุฑุช ุฎูุฏฺฉุงุฑ ุชุบุฑ ูโฺฉููุฏ
โข ๐ก ุดุงูู ูฺฉุงุช ุทูุฒุขูุฒ ู ุฌุฐุงุจ ุฏุฑุจุงุฑู ุฑุจุงุช ูุณุชูุฏ
โข ๐ญ ุจุง ุงููุฌโูุง ูุชููุน ู ุฑูฺฏุงุฑูฺฏ ุชุฒุฆู ุดุฏูโุงูุฏ
โข ๐ ุจู ุฒุจุงู ูุงุฑุณ ุฑูุงู ู ุฌุฐุงุจ ููุดุชู ุดุฏูโุงูุฏ

๐น **ููุงุจุน ูพุงูโูุง ูุถุนุช**:
โข ๐ ฺฉุชุงุจุฎุงูู ุฏุงุฎู ุจุง ุจุด ุงุฒ 50 ูพุงู ุงุฒ ูพุด ุขูุงุฏู ุดุฏู
โข ๐ง ูพุงูโูุง ุชููุฏ ุดุฏู ุชูุณุท ููุด ูุตููุน CCoinAI

ุจุฑุง ุงุฏููโูุง ุณุฑูุฑุ ุงูฺฉุงู ุชุบุฑ ุจู ุญุงูุชโูุง ยซูพุงูโูุง ูุญูยป ู ยซูพุงูโูุง ููุด ูุตููุนยป ุจุง ุฏุณุชูุฑ ุฎุงุต ูุฌูุฏ ุฏุงุฑุฏ. ุงู ูพุงูโูุง ุจุฎุด ุงุฒ ุดุฎุตุช ููุญุตุฑ ุจู ูุฑุฏ ู ุณุฑฺฏุฑูโฺฉููุฏู ุฑุจุงุช CCoin ูุณุชูุฏ! โจ๐ค"

"ุณุณุชู VIP ุฏุฑ CCoin ฺุณุช ู ฺู ูุฒุงุง ุฏุงุฑุฏุ","๐ **ุณุณุชู VIP ุฏุฑ CCoin**

ฺฉุงุฑุจุฑุงู VIP ุฏุฑ ุฑุจุงุช CCoin ุงุฒ ูุฒุงุง ู ุงูฺฉุงูุงุช ูฺูโุง ุจูุฑูโููุฏ ูโุดููุฏ:

๐น **ูุฒุงุง ุญุณุงุจ VIP**:
โข ๐ฐ ุงูุฒุงุด ูพุงุฏุงุด ุฑูุฒุงูู (ุชุง 2 ุจุฑุงุจุฑ)
โข ๐ฆ ุงูุฒุงุด ุณูู ุจุงูฺฉ (ุชุง 3 ุจุฑุงุจุฑ)
โข ๐ฆ ุงูุฒุงุด ุธุฑูุช ุงูุจุงุฑ (ุชุง 2 ุจุฑุงุจุฑ)
โข ๐ธ ฺฉุงูุด ฺฉุงุฑูุฒุฏ ุงูุชูุงู ุณฺฉู ุจู ุฏูุณุชุงู
โข ๐ฎ ุดุงูุณ ุจุดุชุฑ ุฏุฑ ููโฺฏูโูุง
โข ๐ ุฏุณุชุฑุณ ุจู ุขุชูโูุง ุงูุญุตุงุฑ ุฏุฑ ูุฑูุดฺฏุงู
โข ๐จ ุจฺฉโฺฏุฑุงูุฏูุง ุงูุญุตุงุฑ ุจุฑุง ูพุฑููุงู
โข ๐ฐ ูุดุงู ูฺู VIP ุฏุฑ ูพุฑููุงู ู ูุฏุฑุจูุฑุฏูุง

๐น **ูุญูู ุฏุฑุงูุช VIP**:
ุนุถูุช VIP ูุนูููุงู ุงุฒ ุทุฑู ุญูุงุช ุงุฒ ูพุฑูฺูุ ุดุฑฺฉุช ุฏุฑ ุฑูุฏุงุฏูุง ุฎุงุตุ ุง ุจู ุนููุงู ูพุงุฏุงุด ูฺู ุจุฑุง ฺฉุงุฑุจุฑุงู ูุนุงู ุงุนุทุง ูโุดูุฏ.

โฐ **ูุฏุช ุฒูุงู**: ุนุถูุช VIP ูโุชูุงูุฏ ูููุช (1 ูุงููุ 3 ูุงูู) ุง ุฏุงุฆู ุจุงุดุฏ.

ฺฉุงุฑุจุฑุงู VIP ุนูุงูู ุจุฑ ูุฒุงุง ูููุ ุงุฒ ูพุดุชุจุงู ูฺู ู ุงูููุช ุฏุฑ ุฏุฑุงูุช ุจูโุฑูุฒุฑุณุงูโูุง ุฌุฏุฏ ุจูุฑูโููุฏ ูโุดููุฏ! ๐โจ"

"ุจุงุฒ Werewolf (ฺฏุฑฺฏูู) ฺฺฏููู ฺฉุงุฑ ูโฺฉูุฏุ","๐บ **ุจุงุฒ Werewolf (ฺฏุฑฺฏูู) ุฏุฑ CCoin**

Werewolf ฺฉ ุจุงุฒ ฺฏุฑูู ุงุณุชุฑุงุชฺฺฉ ู ูุฌุงูโุงูฺฏุฒ ุงุณุช ฺฉู ุฏุฑ ุขู ุจุงุฒฺฉูุงู ููุดโูุง ูุฎุชูู ุฏุงุฑูุฏ:

๐น **ุดุฑูุน ุจุงุฒ**:
โข ุจุง ุฏุณุชูุฑ </werewolf:0> ุง </ww:0> ูโุชูุงูุฏ ุจุงุฒ ุฑุง ุดุฑูุน ฺฉูุฏ
โข ุญุฏุงูู 5 ุจุงุฒฺฉู ุจุฑุง ุดุฑูุน ูุงุฒ ุงุณุช (ุจูุชุฑู ุชุฌุฑุจู ุจุง 8-12 ุจุงุฒฺฉู)
โข ุจุงุฒฺฉูุงู ุจุง ฺฉูฺฉ ุฑู ุฏฺฉูู ยซJoinยป ุจู ุจุงุฒ ูโูพููุฏูุฏ

๐น **ููุดโูุง ุงุตู**:
โข ๐บ **ฺฏุฑฺฏููโูุง**: ุดุจโูุง ุจู ุฑูุณุชุงุงู ุญููู ูโฺฉููุฏ
โข ๐จโ๐พ **ุฑูุณุชุงุงู**: ุจุงุฏ ฺฏุฑฺฏููโูุง ุฑุง ุดูุงุณุง ู ุญุฐู ฺฉููุฏ
โข ๐๏ธ **ูพุดฺฏู**: ูโุชูุงูุฏ ููุช ุจุงุฒฺฉูุงู ุฑุง ฺฉุดู ฺฉูุฏ
โข ๐ฉโโ๏ธ **ูพุฒุดฺฉ**: ูโุชูุงูุฏ ฺฉ ุจุงุฒฺฉู ุฑุง ุฏุฑ ูุฑ ุดุจ ูุฌุงุช ุฏูุฏ
โข ๐ซ **ุดฺฉุงุฑฺ**: ูพุณ ุงุฒ ูุฑฺฏ ูโุชูุงูุฏ ฺฉ ููุฑ ุฑุง ุจุง ุฎูุฏ ุจุจุฑุฏ

๐น **ูุฑุงุญู ุจุงุฒ**:
โข ๐ **ุดุจ**: ฺฏุฑฺฏููโูุง ูุฑุจุงู ุงูุชุฎุงุจ ูโฺฉููุฏุ ูพุดฺฏู ู ูพุฒุดฺฉ ูุนุงูุช ูโฺฉููุฏ
โข โ๏ธ **ุฑูุฒ**: ุจุงุฒฺฉูุงู ุจุญุซ ูโฺฉููุฏ ู ุฑุฃโฺฏุฑ ูโฺฉููุฏ ุชุง ูุดฺฉูฺฉโุชุฑู ูุฑุฏ ุฑุง ุญุฐู ฺฉููุฏ

๐ฏ **ูุฏู ุจุงุฒ**:
โข ุฑูุณุชุงุงู: ุญุฐู ููู ฺฏุฑฺฏููโูุง
โข ฺฏุฑฺฏููโูุง: ุญุฐู ุงฺฉุซุฑุช ุฑูุณุชุงุงู

ุงู ุจุงุฒ ูุงุฒููุฏ ุงุณุชุฑุงุชฺุ ูุฑุจุ ู ุงุณุชุฏูุงู ูู ุงุณุช. ูุฑ ุจุงุฒ ูุชูุงูุช ู ูุฌุงูโุงูฺฏุฒ ุฎูุงูุฏ ุจูุฏ! ๐ญ๐"

"ุจุงุฒ Blackjack ฺฺฏููู ฺฉุงุฑ ูโฺฉูุฏุ","๐ **ุจุงุฒ Blackjack ุฏุฑ CCoin**

Blackjack (21) ฺฉ ุงุฒ ูุญุจูุจโุชุฑู ููโฺฏูโูุง CCoin ุงุณุช ฺฉู ุดุงูุณ ุจุฑุฏ ูุณุจุชุงู ุจุงูุง ุฏุงุฑุฏ:

๐น **ูุญูู ุดุฑูุน ุจุงุฒ**:
โข ุฏุณุชูุฑ </blackjack:0> [ููุฏุงุฑ ุดุฑุท] ุฑุง ูุงุฑุฏ ฺฉูุฏ
โข ูุซุงู: </blackjack:0> 1000 (ุดุฑุท 1000 ุณฺฉู)

๐น **ููุงูู ุจุงุฒ**:
โข ๐ฏ **ูุฏู**: ุฑุณุฏู ุจู ูุฌููุน ฺฉุงุฑุชโูุง ูุฒุฏฺฉ ุจู 21 ุจุฏูู ุฑุฏ ุดุฏู ุงุฒ ุขู
โข ๐ข **ุงุฑุฒุด ฺฉุงุฑุชโูุง**: ฺฉุงุฑุชโูุง 2-10 ุงุฑุฒุด ุนุฏุฏ ุฎูุฏ ุฑุง ุฏุงุฑูุฏุ J/Q/K = 10ุ ู A = 1 ุง 11
โข ๐ฒ **ุชุตููโฺฏุฑ**: ุงูุชุฎุงุจ ุจู ฺฏุฑูุชู ฺฉุงุฑุช ุฌุฏุฏ (Hit) ุง ุงุณุชุงุฏู (Stand)
โข ๐ **ุจูฺฉโุฌฺฉ**: ุฏุฑุงูุช A ู ฺฉ ฺฉุงุฑุช 10 ุงูุชุงุฒ ุฏุฑ ุงุจุชุฏุง (ูพุฑุฏุงุฎุช 2.5 ุจุฑุงุจุฑ)

๐น **ุงุณุชุฑุงุชฺ ุงุตู**:
โข ุงฺฏุฑ ูุฌููุน ฺฉุงุฑุชโูุง ุดูุง ฺฉูุชุฑ ุงุฒ 17 ุงุณุชุ ูุนูููุงู ุจุงุฏ ฺฉุงุฑุช ุฌุฏุฏ ุจฺฏุฑุฏ
โข ุงฺฏุฑ ูุฌููุน ฺฉุงุฑุชโูุง ุดูุง 17 ุง ุจุดุชุฑ ุงุณุชุ ูุนูููุงู ุจุงุฏ ุจุงุณุชุฏ
โข ุจู ุงุฏ ุฏุงุดุชู ุจุงุดุฏ ฺฉู ุฏูุฑ ุจุงุฏ ุชุง ูุฌููุน 17 ฺฉุงุฑุช ุจฺฏุฑุฏ

๐น **ูุชุงุฌ ููฺฉู**:
โข ๐ **ุจุฑูุฏู**: ูุฌููุน ุงูุชุงุฒ ุดูุง ุจุดุชุฑ ุงุฒ ุฏูุฑ (ุจุฏูู ุฑุฏ ุดุฏู ุงุฒ 21)
โข ๐ฅ **ุจุงุฎุช**: ุฑุฏ ุดุฏู ุงุฒ 21 (Bust) ุง ุงูุชุงุฒ ฺฉูุชุฑ ุงุฒ ุฏูุฑ
โข ๐ค **ูุณุงู**: ุงูุชุงุฒ ุจุฑุงุจุฑ ุจุง ุฏูุฑ

ุจุฑุง ููููุช ุฏุฑ Blackjackุ ุชุฑฺฉุจ ุงุฒ ุดุงูุณ ู ุงุณุชุฑุงุชฺ ูุงุฒ ุงุณุช! ๐ฐ๐"

"ฺฺฏููู ูโุชูุงูู ููุณู ฺฏูุด ฺฉูู ุง ุงููุฌโูุง ุณูุงุฑุด ุงุณุชูุงุฏู ฺฉููุ","๐ต **ููุณู ู ุงููุฌโูุง ุณูุงุฑุด ุฏุฑ CCoin**

ุฑุจุงุช CCoin ฺฉ ุฑุจุงุช ุงูุชุตุงุฏ-ฺฏููฺฏ ุงุณุช ู ุจู ุทูุฑ ูุณุชูู ุงูฺฉุงูุงุช ูพุฎุด ููุณู ุง ุงููุฌ ุณูุงุฑุด ุงุฑุงุฆู ููโุฏูุฏ. ุงู ุฑุจุงุช ุฑู ูุงุจูุชโูุง ุงูุชุตุงุฏุ ููโฺฏูโูุง ู ุชุนุงูู ฺฉุงุฑุจุฑุงู ุชูุฑฺฉุฒ ุฏุงุฑุฏ.

๐น **ุจุฑุง ููุณู**:
ุงุฒ ุฑุจุงุชโูุง ูุฎุตูุต ููุณู ุฏุฑ ุฏุณฺฉูุฑุฏ ูุงููุฏ Rythmุ Groovyุ ุง FredBoat ุงุณุชูุงุฏู ฺฉูุฏ. ุงู ุฑุจุงุชโูุง ุจู ุทูุฑ ุชุฎุตุต ุจุฑุง ูพุฎุด ููุณู ุทุฑุงุญ ุดุฏูโุงูุฏ.

๐น **ุจุฑุง ุงููุฌโูุง ุณูุงุฑุด**:
ุงููุฌโูุง ุณูุงุฑุด ุฑุง ูโุชูุงูุฏ ุงุฒ ุทุฑู ุชูุธูุงุช ุณุฑูุฑ ุฏุณฺฉูุฑุฏ ุงุถุงูู ฺฉูุฏ (ูุงุฒ ุจู ุฏุณุชุฑุณ ูุฏุฑุช ุฏุงุฑุฏ). 

๐น **ุงูฺฉุงูุงุช ุจุตุฑ CCoin**:
โข ๐จ ุจฺฉโฺฏุฑุงูุฏูุง ุณูุงุฑุด ูพุฑููุงู ุฏุฑ ูุฑูุดฺฏุงู 
โข ๐ ูุดุงูโูุง (ุจุฌโูุง) ูุชููุน ู ุฒุจุง
โข ๐ญ ุงูฺฉุชโูุง ูฺู ุฏุฑ ุจุฑุฎ ููโฺฏูโูุง
โข ๐ ูููุฏุงุฑูุง ุงุทูุงุนุงุช ุฌุฐุงุจ ุฏุฑ ูพุฑููุงู ู ุขูุงุฑ

CCoin ุชุฌุฑุจูโุง ูุชูุฑฺฉุฒ ุจุฑ ุงูุชุตุงุฏ ู ุจุงุฒ ุงุฑุงุฆู ูโุฏูุฏ ู ุจุฑุง ููุงุฑุฏ ุฏฺฏุฑ ุจูุชุฑ ุงุณุช ุงุฒ ุฑุจุงุชโูุง ุชุฎุตุต ุงุณุชูุงุฏู ฺฉูุฏ. ๐ฎโจ"

"ฺฺฏููู ูโุชูุงูู ุชูุธูุงุช ุฑุจุงุช ุฑุง ุจุฑุง ุณุฑูุฑ ุฎูุฏู ุชุบุฑ ุฏููุ","โ๏ธ **ุชูุธูุงุช ุณุฑูุฑ CCoin ุจุฑุง ุงุฏููโูุง**

ุงฺฏุฑ ุงุฏูู ุง ูุฏุฑ ุณุฑูุฑ ูุณุชุฏุ ูโุชูุงูุฏ ุชูุธูุงุช ูุฎุชูู ุฑุจุงุช ุฑุง ุจุฑุง ุณุฑูุฑ ุฎูุฏ ุดุฎุตโุณุงุฒ ฺฉูุฏ:

๐น **ุชูุธูุงุช ฺฉุงูุงูโูุง**:
โข </setfeedbackchannel:0> - ุชุนู ฺฉุงูุงู ุจุงุฒุฎูุฑุฏูุง
โข </tipchannel:0> - ุชุนู ฺฉุงูุงู ูฺฉุงุช ุฎูุฏฺฉุงุฑ
โข </untipchannel:0> - ุบุฑูุนุงู ฺฉุฑุฏู ฺฉุงูุงู ูฺฉุงุช

๐น **ุชูุธูุงุช ุงูุชุตุงุฏ** (ุงุฒ ุทุฑู ูพูู ุงุฏูู):
โข </admin:0> - ุฏุณุชุฑุณ ุจู ูพูู ูุฏุฑุช ฺฉุงูู
โข ุชูุธู ูุฑุฎ ุฏุฑุงูุช ุณฺฉู ุฏุฑ ููโฺฏูโูุง
โข ูุฏุฑุช ุฌูุงุฒ ุงููุชโูุง
โข ุชูุธู ูพุงุฑุงูุชุฑูุง ุณุณุชู ุฏุฒุฏ

๐น **ุชูุธูุงุช ุงููุฌ ู ุฒุจุงู**:
โข ุชูุธู ุฒุจุงู ูพุดโูุฑุถ ุฑุจุงุช (ูุงุฑุณ/ุงูฺฏูุณ)
โข ุดุฎุตโุณุงุฒ ูพุงูโูุง ุฎูุดุงูุฏฺฏู

๐น **ุชูุธูุงุช ุฑูุฏุงุฏูุง**:
โข ุจุฑูุงููโุฑุฒ ุงููุชโูุง ุฏูุฑูโุง
โข ุชูุธู ฺฏูุขูโูุง ุฎูุฏฺฉุงุฑ
โข ูุฏุฑุช ฺุงูุดโูุง ููุชฺฏ

ุชูุงู ุงู ุชูุธูุงุช ุจู ุดูุง ฺฉูฺฉ ูโฺฉูุฏ ุชุง ุฑุจุงุช CCoin ุฑุง ฺฉุงููุงู ุจุง ูุงุฒูุง ุณุฑูุฑ ุฎูุฏ ุชุทุจู ุฏูุฏ ู ุชุฌุฑุจู ููุญุตุฑ ุจู ูุฑุฏ ุจุฑุง ุงุนุถุง ุณุฑูุฑ ุงุฌุงุฏ ฺฉูุฏ. ๐๏ธโจ"

"ุณุณุชู ุชูุฒุน ุณฺฉู ุจู ฺฉุงุฑุจุฑุงู ฺฺฏููู ฺฉุงุฑ ูโฺฉูุฏุ","๐ง๏ธ **ุณุณุชู ุชูุฒุน ุณฺฉู ุฏุฑ CCoin**

ุงุฏููโูุง ุณุฑูุฑ ูโุชูุงููุฏ ุงุฒ ุทุฑู ูพูู ุงุฏููุ ุณฺฉู ุฑุง ุจู ุชูุงู ฺฉุงุฑุจุฑุงู ูุนุงู ุชูุฒุน ฺฉููุฏ:

๐น **ูุญูู ุชูุฒุน ุณฺฉู** (ุจุฑุง ุงุฏููโูุง):
1. ุจุง ุฏุณุชูุฑ </admin:0> ูุงุฑุฏ ูพูู ุงุฏูู ุดูุฏ
2. ฺฏุฒูู ยซุชูุฒุน ุณฺฉูยป ุฑุง ุงูุชุฎุงุจ ฺฉูุฏ
3. ููุฏุงุฑ ุณฺฉู ุจุฑุง ุชูุฒุน ุฑุง ูุดุฎุต ฺฉูุฏ
4. ุฏูู ุชูุฒุน ุฑุง ูุงุฑุฏ ฺฉูุฏ (ุงุฎุชุงุฑุ ุงูุง ุชูุตู ูโุดูุฏ)
5. ุชุฃุฏ ููุง ุฑุง ุงูุฌุงู ุฏูุฏ

๐น **ูฺฺฏโูุง ุณุณุชู ุชูุฒุน**:
โข ๐ต **ุงุนูุงู ุขุจ ุฑูฺฏ**: ุชูุงู ฺฉุงุฑุจุฑุงู ฺฉ ุงุนูุงู ุขุจ ุฑูฺฏ ุฏุฑุงูุช ูโฺฉููุฏ
โข ๐ **ุฐฺฉุฑ ุฏูู**: ุฏุฑ ุงุนูุงูุ ุฏูู ุชูุฒุน ู ูุงู ุงุฏูู ุฐฺฉุฑ ูโุดูุฏ
โข ๐ **ฺฏุฒุงุฑุดโฺฏุฑ**: ุณุณุชูุ ฺฏุฒุงุฑุด ฺฉุงูู ุงุฒ ุชูุฒุน ุงุฑุงุฆู ูโุฏูุฏ
โข ๐ฏ **ูุฏูููุฏ**: ุงูฺฉุงู ุชูุฒุน ุจู ฺฏุฑูู ุฎุงุต ุงุฒ ฺฉุงุฑุจุฑุงู (ูุซูุงู ููุท VIPโูุง)

ุงู ูุงุจูุช ุจุฑุง ุฑูุฏุงุฏูุง ูฺูุ ุฌุดูโูุงุ ุง ูพุงุฏุงุด ุฏุงุฏู ุจู ฺฉุงุฑุจุฑุงู ูุนุงู ุจุณุงุฑ ููุฏ ุงุณุช. ููฺูู ุจุงุนุซ ุงุฌุงุฏ ุงูฺฏุฒู ู ุดูุฑ ู ุดูู ุฏุฑ ุณุฑูุฑ ูโุดูุฏ! ๐ธโจ"

"ูู ูุดฺฉู ุฏุฑ ุฏุณุชูุฑุงุช ุฏุงุฑูุ ฺุทูุฑ ูโุชูุงูู ฺฉูฺฉ ุจฺฏุฑูุ","๐ **ุฏุฑุงูุช ฺฉูฺฉ ู ูพุดุชุจุงู ุฏุฑ CCoin**

ุงฺฏุฑ ุจุง ูุดฺฉู ุฏุฑ ุงุณุชูุงุฏู ุงุฒ ุฏุณุชูุฑุงุช ุง ูุงุจูุชโูุง ุฑุจุงุช ููุงุฌู ุดุฏูโุงุฏุ ฺูุฏ ุฑุงู ุจุฑุง ุฏุฑุงูุช ฺฉูฺฉ ูุฌูุฏ ุฏุงุฑุฏ:

๐น **ุงุณุชูุงุฏู ุงุฒ ููุด ูุตููุน CCoin**:
โข ุฏุณุชูุฑ </askai:0> [ุชูุถุญ ูุดฺฉู] ุฑุง ุงุฌุฑุง ฺฉูุฏ
โข ูุซุงู: </askai:0> ูุดฺฉู ุฏุฑ ุฏุณุชูุฑ daily ุฏุงุฑูุ ูพุงู ุฎุทุง ูโุฏูุฏ

๐น **ุฏุณุชูุฑ ุฑุงูููุง**:
โข </help:0> - ูุดุงูุฏู ุฑุงูููุง ฺฉุงูู ุฑุจุงุช
โข </help:0> [ูุงู ุฏุณุชูุฑ] - ุฑุงูููุง ุงุฎุชุตุงุต ฺฉ ุฏุณุชูุฑ

๐น **ุงุฑุณุงู ุจุงุฒุฎูุฑุฏ ุง ฺฏุฒุงุฑุด ุจุงฺฏ**:
โข </feedback:0> [ุชูุถุญ ูุดฺฉู] - ุงุฑุณุงู ฺฏุฒุงุฑุด ูุณุชูู ุจู ุชู ูพุดุชุจุงู

๐น **ุชูุงุณ ุจุง ุงุฏููโูุง ุณุฑูุฑ**:
โข ูุนูููุงู ุงุฏููโูุง ุณุฑูุฑ ูโุชูุงููุฏ ุจู ูุดฺฉูุงุช ุฑุงุฌ ุฑุณุฏฺฏ ฺฉููุฏ

๐น **ูพูุณุชู ุจู ุณุฑูุฑ ูพุดุชุจุงู ุฑุณู**:
โข ุจุง ุฏุณุชูุฑ </support:0> ูโุชูุงูุฏ ููฺฉ ุฏุนูุช ุจู ุณุฑูุฑ ูพุดุชุจุงู ุฑุณู ุฑุง ุฏุฑุงูุช ฺฉูุฏ

ุณุน ฺฉูุฏ ูุดฺฉู ุฎูุฏ ุฑุง ุจุง ุฌุฒุฆุงุช ฺฉุงูู ุชูุถุญ ุฏูุฏ ุชุง ุจุชูุงูู ุณุฑุนโุชุฑ ุจู ุดูุง ฺฉูฺฉ ฺฉูู! ๐๏ธโจ"

"ุขุง ูุชูุงูู ุงุฒ ุฏุณุชูุฑุงุช ูุฏู ุจุง ุนูุงูุช ! ุงุณุชูุงุฏู ฺฉููุ","โ๏ธ **ุฏุณุชูุฑุงุช ุจุง ุนูุงูุช ! ุฏุฑ CCoin**

ุฎุฑุ ุฑุจุงุช CCoin ุจู ุทูุฑ ฺฉุงูู ุงุฒ ุณุณุชู ุฏุณุชูุฑุงุช ุงุณูุด (/) ุงุณุชูุงุฏู ูโฺฉูุฏ ู ุฏฺฏุฑ ุงุฒ ุฏุณุชูุฑุงุช ุจุง ูพุดููุฏ ! ูพุดุชุจุงู ููโฺฉูุฏ.

๐น **ุฏูุงู ุงุณุชูุงุฏู ุงุฒ ุฏุณุชูุฑุงุช ุงุณูุด**:
โข ๐ **ุงููุช ุจุดุชุฑ**: ุฏุณุชูุฑุงุช ุงุณูุด ุงููโุชุฑ ูุณุชูุฏ ู ูุงุฒ ุจู ุฏุณุชุฑุณโูุง ฺฉูุชุฑ ุฏุงุฑูุฏ
โข ๐ฏ **ุฏูุช ุจุงูุงุชุฑ**: ุงุญุชูุงู ุงุดุชุจุงู ุฏุฑ ุชุงูพ ุฏุณุชูุฑุงุช ฺฉุงูุด ูโุงุจุฏ
โข ๐ป **ุฑุงุจุท ฺฉุงุฑุจุฑ ุจูุชุฑ**: ููุงุด ฺฏุฒููโูุง ู ูพุงุฑุงูุชุฑูุง ุจู ุตูุฑุช ุจุตุฑ
โข ๐ **ุนููฺฉุฑุฏ ุณุฑุนโุชุฑ**: ูพุฑุฏุงุฒุด ุณุฑุนโุชุฑ ุฏุณุชูุฑุงุช ุชูุณุท ุฏุณฺฉูุฑุฏ
โข ๐ **ุฌุณุชุฌููพุฐุฑ**: ุงูฺฉุงู ุฌุณุชุฌู ุฏุฑ ูุณุช ุฏุณุชูุฑุงุช

๐น **ูุญูู ุงุณุชูุงุฏู ุงุฒ ุฏุณุชูุฑุงุช ุงุณูุด**:
1. ุนูุงูุช / ุฑุง ุฏุฑ ฺุช ุชุงูพ ฺฉูุฏ
2. ูุณุช ุฏุณุชูุฑุงุช CCoin ููุงุด ุฏุงุฏู ูโุดูุฏ
3. ุฏุณุชูุฑ ููุฑุฏ ูุธุฑ ุฑุง ุงูุชุฎุงุจ ฺฉูุฏ ุง ุงุฏุงูู ุชุงูพ ฺฉูุฏ ุชุง ููุชุฑ ุดูุฏ
4. ูพุงุฑุงูุชุฑูุง ููุฑุฏ ูุงุฒ ุฑุง ูุงุฑุฏ ฺฉูุฏ
5. Enter ุฑุง ุจุฒูุฏ ุง ุฑู ุฏุณุชูุฑ ฺฉูฺฉ ฺฉูุฏ

ุชูุงู ุฏุณุชูุฑุงุช ูุฏู ุจุง ูพุดููุฏ ! ุจู ุฏุณุชูุฑุงุช ุงุณูุด (/) ุชุจุฏู ุดุฏูโุงูุฏ ู ุนููฺฉุฑุฏ ูุดุงุจู ุฏุงุฑูุฏ. ๐โจ"

"ูู ูโุฎูุงูู ุจุฑุง ุฑุจุงุช ุฎูุฏู CCoinAI ุฑุง ุชูุธู ฺฉูู. ุขุง ุงู ุงูฺฉุงู ูุฌูุฏ ุฏุงุฑุฏุ","๐ค **ุชูุธู CCoinAI ุจุฑุง ุฑุจุงุชโูุง ุฏฺฏุฑ**

CCoinAI ฺฉ ููุด ูุตููุน ุงุฎุชุตุงุต ุงุณุช ฺฉู ุจุฑุง ุฑุจุงุช CCoin ุทุฑุงุญ ู ุขููุฒุด ุฏุงุฏู ุดุฏู ุงุณุช. ุฏุฑ ุญุงู ุญุงุถุฑุ ุงูฺฉุงู ุงุณุชูุงุฏู ูุณุชูู ุงุฒ CCoinAI ุฏุฑ ุฑุจุงุชโูุง ุฏฺฏุฑ ูุฌูุฏ ูุฏุงุฑุฏ.

๐น **ฺุฑุง CCoinAI ุงุฎุชุตุงุต ุงุณุช**:
โข ๐ง ูุฏู ููุด ูุตููุน ุจุง ุฏุงุฏูโูุง ูุฎุตูุต CCoin ุขููุฒุด ุฏุฏู ุงุณุช
โข ๐ ุณุณุชู ุฏุงุฑุง ูุญุงูุธุชโูุง ุงููุช ู ูุฌูุฒูุง ุฎุงุต ุงุณุช
โข โ๏ธ ุงุฏุบุงู ุนูู ุจุง ุณุณุชูโูุง ุฏุงุฎู ุฑุจุงุช CCoin ุฏุงุฑุฏ

๐น **ฺฏุฒููโูุง ุฌุงฺฏุฒู ุจุฑุง ุฑุจุงุช ุดูุง**:
โข ุงุณุชูุงุฏู ุงุฒ APIโูุง ุนููู ููุด ูุตููุน ูุงููุฏ Google Gemini ุง OpenAI
โข ุงุฌุงุฏ ูุฏู ุงุฎุชุตุงุต ุฎูุฏ ุจุง ุขููุฒุด ุจุฑ ุฑู ุฏุงุฏูโูุง ูุฑุชุจุท ุจุง ุฑุจุงุช ุดูุง
โข ุงุณุชูุงุฏู ุงุฒ ุณุฑูุณโูุง ูุฏุฑุช ุดุฏู ููุด ูุตููุน ูุฎุตูุต ุฑุจุงุชโูุง

๐น **ุชูุงุณ ุจุง ุชู ุชูุณุนู**:
ุงฺฏุฑ ุนูุงููโููุฏ ุจู ููฺฉุงุฑ ูุณุชุฏุ ูโุชูุงูุฏ ุงุฒ ุทุฑู ุณุฑูุฑ ูพุดุชุจุงู ุฑุณู CCoin ุจุง ุชู ุชูุณุนู ุชูุงุณ ุจฺฏุฑุฏ. ููฺฉู ุงุณุช ุฏุฑ ุขูุฏู ูุงุจูุชโูุง CCoinAI ุจู ุตูุฑุช API ุจุฑุง ุงุณุชูุงุฏู ุฏุฑ ูพุฑูฺูโูุง ุฏฺฏุฑ ุงุฑุงุฆู ุดูุฏ. ๐๐งโจ